Name,PSNRHVSM
laser_dirac_1.yuv,35.85892
laser_dirac_2.yuv,34.34194
laser_dirac_3.yuv,31.65369
laser_h264_1.yuv,39.46648
laser_h264_2.yuv,38.03442
laser_h264_3.yuv,37.39410
laser_h264_4.yuv,36.92762
laser_mpeg2_1.yuv,39.07723
laser_mpeg2_2.yuv,37.01076
laser_mpeg2_3.yuv,33.41942
laser_ip_1.yuv,37.46915
laser_ip_2.yuv,35.10410
laser_ip_3.yuv,36.31428
laser_ip_4.yuv,26.53776
overbridge_dirac_1.yuv,33.28015
overbridge_dirac_2.yuv,29.05692
overbridge_dirac_3.yuv,25.96808
overbridge_h264_1.yuv,38.66812
overbridge_h264_2.yuv,33.99023
overbridge_h264_3.yuv,30.06501
overbridge_h264_4.yuv,27.29908
overbridge_mpeg2_1.yuv,35.38993
overbridge_mpeg2_2.yuv,32.61640
overbridge_mpeg2_3.yuv,27.99438
overbridge_ip_1.yuv,34.54529
overbridge_ip_2.yuv,34.48411
overbridge_ip_3.yuv,31.65936
overbridge_ip_4.yuv,28.58658
shelf_dirac_1.yuv,33.56957
shelf_dirac_2.yuv,29.05712
shelf_dirac_3.yuv,25.37042
shelf_h264_1.yuv,44.56249
shelf_h264_2.yuv,41.88861
shelf_h264_3.yuv,36.57332
shelf_h264_4.yuv,32.13904
shelf_mpeg2_1.yuv,40.39710
shelf_mpeg2_2.yuv,35.39812
shelf_mpeg2_3.yuv,30.39419
shelf_ip_1.yuv,38.22405
shelf_ip_2.yuv,37.29022
shelf_ip_3.yuv,35.95253
shelf_ip_4.yuv,28.84967
robot_dirac_1.yuv,30.73001
robot_dirac_2.yuv,24.44803
robot_dirac_3.yuv,21.41162
robot_h264_1.yuv,44.18367
robot_h264_2.yuv,39.53209
robot_h264_3.yuv,33.37585
robot_h264_4.yuv,29.39089
robot_mpeg2_1.yuv,35.56878
robot_mpeg2_2.yuv,33.05544
robot_mpeg2_3.yuv,29.34934
robot_ip_1.yuv,40.29519
robot_ip_2.yuv,30.33363
robot_ip_3.yuv,32.05519
robot_ip_4.yuv,26.92625
square_dirac_1.yuv,30.67546
square_dirac_2.yuv,26.90901
square_dirac_3.yuv,23.95989
square_h264_1.yuv,41.85052
square_h264_2.yuv,39.04997
square_h264_3.yuv,32.08002
square_h264_4.yuv,27.94980
square_mpeg2_1.yuv,35.67626
square_mpeg2_2.yuv,32.77387
square_mpeg2_3.yuv,27.95722
square_ip_1.yuv,37.63738
square_ip_2.yuv,35.45052
square_ip_3.yuv,31.59493
square_ip_4.yuv,28.31666
toys_calendar_dirac_1.yuv,35.40607
toys_calendar_dirac_2.yuv,30.33435
toys_calendar_dirac_3.yuv,27.60823
toys_calendar_h264_1.yuv,40.61200
toys_calendar_h264_2.yuv,38.01437
toys_calendar_h264_3.yuv,32.14189
toys_calendar_h264_4.yuv,28.93806
toys_calendar_mpeg2_1.yuv,38.48592
toys_calendar_mpeg2_2.yuv,34.52363
toys_calendar_mpeg2_3.yuv,30.24795
toys_calendar_ip_1.yuv,0
toys_calendar_ip_2.yuv,0
toys_calendar_ip_3.yuv,0
toys_calendar_ip_4.yuv,0
tractor_dirac_1.yuv,34.16155
tractor_dirac_2.yuv,30.58556
tractor_dirac_3.yuv,26.90128
tractor_h264_1.yuv,37.31655
tractor_h264_2.yuv,32.19239
tractor_h264_3.yuv,27.82003
tractor_h264_4.yuv,26.34439
tractor_mpeg2_1.yuv,40.63985
tractor_mpeg2_2.yuv,32.85866
tractor_mpeg2_3.yuv,28.66189
tractor_ip_1.yuv,35.82658
tractor_ip_2.yuv,32.30607
tractor_ip_3.yuv,36.07798
tractor_ip_4.yuv,22.52174
train_dirac_1.yuv,25.82162
train_dirac_2.yuv,21.99746
train_dirac_3.yuv,19.21767
train_h264_1.yuv,30.82077
train_h264_2.yuv,29.32073
train_h264_3.yuv,27.99030
train_h264_4.yuv,26.97381
train_mpeg2_1.yuv,32.10102
train_mpeg2_2.yuv,29.70722
train_mpeg2_3.yuv,26.25817
train_ip_1.yuv,0
train_ip_2.yuv,0
train_ip_3.yuv,0
train_ip_4.yuv,0
tube_dirac_1.yuv,35.27553
tube_dirac_2.yuv,29.19174
tube_dirac_3.yuv,24.56288
tube_h264_1.yuv,44.40362
tube_h264_2.yuv,40.58655
tube_h264_3.yuv,33.30434
tube_h264_4.yuv,30.03961
tube_mpeg2_1.yuv,38.33098
tube_mpeg2_2.yuv,33.43624
tube_mpeg2_3.yuv,30.13681
tube_ip_1.yuv,37.84214
tube_ip_2.yuv,36.87913
tube_ip_3.yuv,36.36866
tube_ip_4.yuv,31.85850