Name,PSNRHVS
laser_dirac_1.yuv,34.14639
laser_dirac_2.yuv,32.85273
laser_dirac_3.yuv,30.54768
laser_h264_1.yuv,37.29142
laser_h264_2.yuv,36.10611
laser_h264_3.yuv,35.56740
laser_h264_4.yuv,35.17288
laser_mpeg2_1.yuv,36.90401
laser_mpeg2_2.yuv,35.16112
laser_mpeg2_3.yuv,32.00685
laser_ip_1.yuv,35.66422
laser_ip_2.yuv,33.75460
laser_ip_3.yuv,34.79517
laser_ip_4.yuv,26.13333
overbridge_dirac_1.yuv,31.27532
overbridge_dirac_2.yuv,27.73591
overbridge_dirac_3.yuv,25.05478
overbridge_h264_1.yuv,35.88979
overbridge_h264_2.yuv,32.13731
overbridge_h264_3.yuv,28.77797
overbridge_h264_4.yuv,26.33049
overbridge_mpeg2_1.yuv,32.94900
overbridge_mpeg2_2.yuv,30.67553
overbridge_mpeg2_3.yuv,26.75766
overbridge_ip_1.yuv,32.73212
overbridge_ip_2.yuv,32.72272
overbridge_ip_3.yuv,30.41776
overbridge_ip_4.yuv,27.67504
shelf_dirac_1.yuv,31.35660
shelf_dirac_2.yuv,27.59025
shelf_dirac_3.yuv,24.41887
shelf_h264_1.yuv,40.28569
shelf_h264_2.yuv,38.22363
shelf_h264_3.yuv,34.07922
shelf_h264_4.yuv,30.41695
shelf_mpeg2_1.yuv,36.64256
shelf_mpeg2_2.yuv,32.69535
shelf_mpeg2_3.yuv,28.63521
shelf_ip_1.yuv,35.55303
shelf_ip_2.yuv,34.82872
shelf_ip_3.yuv,34.50200
shelf_ip_4.yuv,28.16982
robot_dirac_1.yuv,28.16701
robot_dirac_2.yuv,23.00262
robot_dirac_3.yuv,20.36034
robot_h264_1.yuv,39.43041
robot_h264_2.yuv,35.72470
robot_h264_3.yuv,30.77052
robot_h264_4.yuv,27.42396
robot_mpeg2_1.yuv,31.77308
robot_mpeg2_2.yuv,29.82134
robot_mpeg2_3.yuv,26.89613
robot_ip_1.yuv,36.35899
robot_ip_2.yuv,28.90579
robot_ip_3.yuv,31.24346
robot_ip_4.yuv,26.35236
square_dirac_1.yuv,28.85652
square_dirac_2.yuv,25.68000
square_dirac_3.yuv,23.11065
square_h264_1.yuv,37.70296
square_h264_2.yuv,35.68864
square_h264_3.yuv,30.23219
square_h264_4.yuv,26.71332
square_mpeg2_1.yuv,32.74866
square_mpeg2_2.yuv,30.47403
square_mpeg2_3.yuv,26.51812
square_ip_1.yuv,34.69025
square_ip_2.yuv,33.14151
square_ip_3.yuv,30.22376
square_ip_4.yuv,27.36807
toys_calendar_dirac_1.yuv,33.28480
toys_calendar_dirac_2.yuv,29.01330
toys_calendar_dirac_3.yuv,26.63777
toys_calendar_h264_1.yuv,37.66898
toys_calendar_h264_2.yuv,35.61757
toys_calendar_h264_3.yuv,30.71929
toys_calendar_h264_4.yuv,27.91094
toys_calendar_mpeg2_1.yuv,35.71225
toys_calendar_mpeg2_2.yuv,32.42395
toys_calendar_mpeg2_3.yuv,28.80818
toys_calendar_ip_1.yuv,0
toys_calendar_ip_2.yuv,0
toys_calendar_ip_3.yuv,0
toys_calendar_ip_4.yuv,0
tractor_dirac_1.yuv,32.48310
tractor_dirac_2.yuv,29.46281
tractor_dirac_3.yuv,26.19751
tractor_h264_1.yuv,34.95104
tractor_h264_2.yuv,30.86850
tractor_h264_3.yuv,27.06391
tractor_h264_4.yuv,25.72838
tractor_mpeg2_1.yuv,37.21583
tractor_mpeg2_2.yuv,31.21530
tractor_mpeg2_3.yuv,27.63814
tractor_ip_1.yuv,33.92030
tractor_ip_2.yuv,31.04124
tractor_ip_3.yuv,34.28866
tractor_ip_4.yuv,22.22067
train_dirac_1.yuv,23.64590
train_dirac_2.yuv,20.53364
train_dirac_3.yuv,18.16206
train_h264_1.yuv,27.75977
train_h264_2.yuv,26.62917
train_h264_3.yuv,25.54714
train_h264_4.yuv,24.71360
train_mpeg2_1.yuv,28.36353
train_mpeg2_2.yuv,26.53794
train_mpeg2_3.yuv,23.83723
train_ip_1.yuv,0
train_ip_2.yuv,0
train_ip_3.yuv,0
train_ip_4.yuv,0
tube_dirac_1.yuv,32.53645
tube_dirac_2.yuv,27.52741
tube_dirac_3.yuv,23.56419
tube_h264_1.yuv,40.05061
tube_h264_2.yuv,37.09971
tube_h264_3.yuv,31.20341
tube_h264_4.yuv,28.44474
tube_mpeg2_1.yuv,34.76505
tube_mpeg2_2.yuv,30.87170
tube_mpeg2_3.yuv,28.19988
tube_ip_1.yuv,35.18841
tube_ip_2.yuv,34.27678
tube_ip_3.yuv,35.07002
tube_ip_4.yuv,30.93816