Name,PSNR
laser_dirac_1.yuv,37.032074
laser_dirac_2.yuv,36.257705
laser_dirac_3.yuv,34.788557
laser_h264_1.yuv,38.819084
laser_h264_2.yuv,38.251293
laser_h264_3.yuv,37.940847
laser_h264_4.yuv,37.699190
laser_mpeg2_1.yuv,38.660993
laser_mpeg2_2.yuv,37.766741
laser_mpeg2_3.yuv,36.029233
laser_ip_1.yuv,38.067517
laser_ip_2.yuv,36.616563
laser_ip_3.yuv,35.535163
laser_ip_4.yuv,29.294195
overbridge_dirac_1.yuv,36.071828
overbridge_dirac_2.yuv,33.570106
overbridge_dirac_3.yuv,31.433369
overbridge_h264_1.yuv,39.294207
overbridge_h264_2.yuv,36.937360
overbridge_h264_3.yuv,34.495436
overbridge_h264_4.yuv,32.590494
overbridge_mpeg2_1.yuv,37.504476
overbridge_mpeg2_2.yuv,35.949760
overbridge_mpeg2_3.yuv,33.006927
overbridge_ip_1.yuv,36.412764
overbridge_ip_2.yuv,37.210879
overbridge_ip_3.yuv,35.359921
overbridge_ip_4.yuv,32.579065
shelf_dirac_1.yuv,35.418168
shelf_dirac_2.yuv,32.548840
shelf_dirac_3.yuv,30.019439
shelf_h264_1.yuv,41.902645
shelf_h264_2.yuv,40.590524
shelf_h264_3.yuv,37.876430
shelf_h264_4.yuv,35.313123
shelf_mpeg2_1.yuv,39.617042
shelf_mpeg2_2.yuv,36.921699
shelf_mpeg2_3.yuv,33.943040
shelf_ip_1.yuv,39.045218
shelf_ip_2.yuv,38.223300
shelf_ip_3.yuv,38.015731
shelf_ip_4.yuv,28.331081
robot_dirac_1.yuv,32.756348
robot_dirac_2.yuv,28.803963
robot_dirac_3.yuv,26.694277
robot_h264_1.yuv,41.639608
robot_h264_2.yuv,38.915573
robot_h264_3.yuv,35.054326
robot_h264_4.yuv,32.686511
robot_mpeg2_1.yuv,35.905073
robot_mpeg2_2.yuv,34.333536
robot_mpeg2_3.yuv,31.963763
robot_ip_1.yuv,19.873113
robot_ip_2.yuv,19.557827
robot_ip_3.yuv,19.811236
robot_ip_4.yuv,19.468391
square_dirac_1.yuv,33.932173
square_dirac_2.yuv,31.561019
square_dirac_3.yuv,29.466334
square_h264_1.yuv,40.257478
square_h264_2.yuv,38.928603
square_h264_3.yuv,35.261862
square_h264_4.yuv,32.679433
square_mpeg2_1.yuv,36.906790
square_mpeg2_2.yuv,35.365689
square_mpeg2_3.yuv,32.534234
square_ip_1.yuv,38.211114
square_ip_2.yuv,37.223113
square_ip_3.yuv,35.086426
square_ip_4.yuv,32.577918
toys_calendar_dirac_1.yuv,37.003414
toys_calendar_dirac_2.yuv,33.994986
toys_calendar_dirac_3.yuv,32.071046
toys_calendar_h264_1.yuv,40.010680
toys_calendar_h264_2.yuv,38.846687
toys_calendar_h264_3.yuv,35.600700
toys_calendar_h264_4.yuv,33.426916
toys_calendar_mpeg2_1.yuv,38.776419
toys_calendar_mpeg2_2.yuv,36.580317
toys_calendar_mpeg2_3.yuv,33.834821
toys_calendar_ip_1.yuv,0
toys_calendar_ip_2.yuv,0
toys_calendar_ip_3.yuv,0
toys_calendar_ip_4.yuv,0
tractor_dirac_1.yuv,37.067189
tractor_dirac_2.yuv,34.519516
tractor_dirac_3.yuv,31.875188
tractor_h264_1.yuv,38.541307
tractor_h264_2.yuv,35.754670
tractor_h264_3.yuv,32.788262
tractor_h264_4.yuv,31.855660
tractor_mpeg2_1.yuv,40.853144
tractor_mpeg2_2.yuv,36.396524
tractor_mpeg2_3.yuv,33.532177
tractor_ip_1.yuv,28.372362
tractor_ip_2.yuv,28.193259
tractor_ip_3.yuv,28.017780
tractor_ip_4.yuv,25.160751
train_dirac_1.yuv,27.025400
train_dirac_2.yuv,25.163437
train_dirac_3.yuv,23.730430
train_h264_1.yuv,31.128231
train_h264_2.yuv,30.652696
train_h264_3.yuv,29.930559
train_h264_4.yuv,29.262349
train_mpeg2_1.yuv,31.558794
train_mpeg2_2.yuv,30.183508
train_mpeg2_3.yuv,28.166673
train_ip_1.yuv,0
train_ip_2.yuv,0
train_ip_3.yuv,0
train_ip_4.yuv,0
tube_dirac_1.yuv,35.967185
tube_dirac_2.yuv,32.478735
tube_dirac_3.yuv,29.695023
tube_h264_1.yuv,41.848600
tube_h264_2.yuv,39.919680
tube_h264_3.yuv,35.710013
tube_h264_4.yuv,33.642668
tube_mpeg2_1.yuv,38.049742
tube_mpeg2_2.yuv,35.220070
tube_mpeg2_3.yuv,33.234317
tube_ip_1.yuv,38.724450
tube_ip_2.yuv,37.422690
tube_ip_3.yuv,39.080470
tube_ip_4.yuv,35.230717