Name,SSIM
laser_dirac_1.yuv,0.87482
laser_dirac_2.yuv,0.86762
laser_dirac_3.yuv,0.85519
laser_h264_1.yuv,0.89544
laser_h264_2.yuv,0.88506
laser_h264_3.yuv,0.88171
laser_h264_4.yuv,0.87950
laser_mpeg2_1.yuv,0.89186
laser_mpeg2_2.yuv,0.87804
laser_mpeg2_3.yuv,0.85875
laser_ip_1.yuv,0.88202
laser_ip_2.yuv,0.88001
laser_ip_3.yuv,0.88511
laser_ip_4.yuv,0.86522
overbridge_dirac_1.yuv,0.91081
overbridge_dirac_2.yuv,0.87316
overbridge_dirac_3.yuv,0.83353
overbridge_h264_1.yuv,0.94531
overbridge_h264_2.yuv,0.91958
overbridge_h264_3.yuv,0.88779
overbridge_h264_4.yuv,0.85547
overbridge_mpeg2_1.yuv,0.92150
overbridge_mpeg2_2.yuv,0.90042
overbridge_mpeg2_3.yuv,0.84889
overbridge_ip_1.yuv,0.93172
overbridge_ip_2.yuv,0.93157
overbridge_ip_3.yuv,0.92321
overbridge_ip_4.yuv,0.91385
shelf_dirac_1.yuv,0.91938
shelf_dirac_2.yuv,0.88183
shelf_dirac_3.yuv,0.84088
shelf_h264_1.yuv,0.96603
shelf_h264_2.yuv,0.95896
shelf_h264_3.yuv,0.94021
shelf_h264_4.yuv,0.91583
shelf_mpeg2_1.yuv,0.95187
shelf_mpeg2_2.yuv,0.92883
shelf_mpeg2_3.yuv,0.89083
shelf_ip_1.yuv,0.94756
shelf_ip_2.yuv,0.94638
shelf_ip_3.yuv,0.96434
shelf_ip_4.yuv,0.91650
robot_dirac_1.yuv,0.92060
robot_dirac_2.yuv,0.85545
robot_dirac_3.yuv,0.81265
robot_h264_1.yuv,0.98458
robot_h264_2.yuv,0.97391
robot_h264_3.yuv,0.95007
robot_h264_4.yuv,0.92378
robot_mpeg2_1.yuv,0.94804
robot_mpeg2_2.yuv,0.93337
robot_mpeg2_3.yuv,0.90457
robot_ip_1.yuv,0.91653
robot_ip_2.yuv,0.90820
robot_ip_3.yuv,0.92180
robot_ip_4.yuv,0.90852
square_dirac_1.yuv,0.87879
square_dirac_2.yuv,0.82851
square_dirac_3.yuv,0.77483
square_h264_1.yuv,0.95834
square_h264_2.yuv,0.94484
square_h264_3.yuv,0.89906
square_h264_4.yuv,0.84999
square_mpeg2_1.yuv,0.92105
square_mpeg2_2.yuv,0.89742
square_mpeg2_3.yuv,0.83706
square_ip_1.yuv,0.93637
square_ip_2.yuv,0.93404
square_ip_3.yuv,0.92686
square_ip_4.yuv,0.91307
toys_calendar_dirac_1.yuv,0.91407
toys_calendar_dirac_2.yuv,0.87336
toys_calendar_dirac_3.yuv,0.84102
toys_calendar_h264_1.yuv,0.94103
toys_calendar_h264_2.yuv,0.92895
toys_calendar_h264_3.yuv,0.89301
toys_calendar_h264_4.yuv,0.86409
toys_calendar_mpeg2_1.yuv,0.92784
toys_calendar_mpeg2_2.yuv,0.90231
toys_calendar_mpeg2_3.yuv,0.86247
toys_calendar_ip_1.yuv,0
toys_calendar_ip_2.yuv,0
toys_calendar_ip_3.yuv,0
toys_calendar_ip_4.yuv,0
tractor_dirac_1.yuv,0.92381
tractor_dirac_2.yuv,0.88115
tractor_dirac_3.yuv,0.81868
tractor_h264_1.yuv,0.94109
tractor_h264_2.yuv,0.90303
tractor_h264_3.yuv,0.84530
tractor_h264_4.yuv,0.82108
tractor_mpeg2_1.yuv,0.96055
tractor_mpeg2_2.yuv,0.90685
tractor_mpeg2_3.yuv,0.84576
tractor_ip_1.yuv,0.89323
tractor_ip_2.yuv,0.88792
tractor_ip_3.yuv,0.91472
tractor_ip_4.yuv,0.82969
train_dirac_1.yuv,0.78095
train_dirac_2.yuv,0.71220
train_dirac_3.yuv,0.64682
train_h264_1.yuv,0.89637
train_h264_2.yuv,0.87163
train_h264_3.yuv,0.85074
train_h264_4.yuv,0.83019
train_mpeg2_1.yuv,0.87219
train_mpeg2_2.yuv,0.84330
train_mpeg2_3.yuv,0.79038
train_ip_1.yuv,0
train_ip_2.yuv,0
train_ip_3.yuv,0
train_ip_4.yuv,0
tube_dirac_1.yuv,0.92953
tube_dirac_2.yuv,0.88874
tube_dirac_3.yuv,0.84504
tube_h264_1.yuv,0.96746
tube_h264_2.yuv,0.95715
tube_h264_3.yuv,0.92617
tube_h264_4.yuv,0.90255
tube_mpeg2_1.yuv,0.94371
tube_mpeg2_2.yuv,0.91655
tube_mpeg2_3.yuv,0.89017
tube_ip_1.yuv,0.95277
tube_ip_2.yuv,0.95087
tube_ip_3.yuv,0.96747
tube_ip_4.yuv,0.96116