Name,DMOS,STD,Number of Frames
bus_dirac_1.yuv,0.9141,"0.77769	",250
bus_dirac_2.yuv,1.761,"0.79901	",250
bus_dirac_3.yuv,2.545,"0.64057	",250
bus_h264_1.yuv,-0.060209,"0.66027	",250
bus_h264_2.yuv,0.29378,"0.59068	",250
bus_h264_3.yuv,0.42517,"0.80623	",250
bus_h264_4.yuv,1.7095,"0.90631	",250
bus_mpeg2_1.yuv,0.037114,"0.50504	",250
bus_mpeg2_2.yuv,0.61435,"0.61327	",250
bus_mpeg2_3.yuv,1.5951,"0.77475	",250
laser_dirac_1.yuv,1.0207,"0.62838	",224
laser_dirac_2.yuv,1.352,"0.7801	",224
laser_dirac_3.yuv,2.2344,"0.73855	",224
laser_h264_1.yuv,-0.22218,"0.6924	",224
laser_h264_2.yuv,-0.1119,"0.65569	",224
laser_h264_3.yuv,0.14479,"0.63542	",224
laser_h264_4.yuv,0.65214,"0.8664	",224
laser_mpeg2_1.yuv,0.15281,"0.86178	",224
laser_mpeg2_2.yuv,0.13569,"0.61219	",224
laser_mpeg2_3.yuv,1.7343,"0.80263	",224
laser_ip_1.yuv,-0.14271,"0.74793	",224
laser_ip_2.yuv,1.7064,"1.0313	",224
laser_ip_3.yuv,2.7149,"0.83752	",224
laser_ip_4.yuv,3.1201,"0.73648	",224
overbridge_dirac_1.yuv,1.0332,"0.67013	",250
overbridge_dirac_2.yuv,2.0277,"0.70524	",250
overbridge_dirac_3.yuv,2.6435,"0.59361	",250
overbridge_h264_1.yuv,0.11781,"0.68954	",250
overbridge_h264_2.yuv,0.76099,"0.67553	",250
overbridge_h264_3.yuv,1.9166,"0.81423	",250
overbridge_h264_4.yuv,2.7234,"0.70365	",250
overbridge_mpeg2_1.yuv,0.11996,"0.71154	",250
overbridge_mpeg2_2.yuv,0.51262,"0.78983	",250
overbridge_mpeg2_3.yuv,1.9645,"0.76717	",250
overbridge_ip_1.yuv,0.91564,"1.0512	",250
overbridge_ip_2.yuv,1.6402,"1.0645	",250
overbridge_ip_3.yuv,2.7714,"0.63489	",250
overbridge_ip_4.yuv,3.0971,"0.62336	",250
robot_dirac_1.yuv,1.1488,"0.63089	",250
robot_dirac_2.yuv,2.2292,"0.68989	",250
robot_dirac_3.yuv,3.0489,"0.88435	",250
robot_h264_1.yuv,0.118,"0.75641	",250
robot_h264_2.yuv,0.080388,"0.56302	",250
robot_h264_3.yuv,0.65702,"0.66678	",250
robot_h264_4.yuv,1.0689,"0.79215	",250
robot_mpeg2_1.yuv,0.68617,"0.65379	",250
robot_mpeg2_2.yuv,0.92647,"0.72142	",250
robot_mpeg2_3.yuv,1.526,"0.69103	",250
robot_ip_1.yuv,0.95241,"1.12	",250
robot_ip_2.yuv,2.7877,"0.9552	",250
robot_ip_3.yuv,2.8094,"0.70985	",250
robot_ip_4.yuv,3.5091,"0.51614	",250
shelf_dirac_1.yuv,1.2166,"0.6023	",280
shelf_dirac_2.yuv,2.4006,"0.68098	",280
shelf_dirac_3.yuv,3.0689,"0.58035	",280
shelf_h264_1.yuv,0.052317,"0.71248	",280
shelf_h264_2.yuv,0.49,"0.72257	",280
shelf_h264_3.yuv,1.0759,"0.91208	",280
shelf_h264_4.yuv,1.477,"0.73279	",280
shelf_mpeg2_1.yuv,0.41582,"0.79821	",280
shelf_mpeg2_2.yuv,0.75784,"0.68119	",280
shelf_mpeg2_3.yuv,2.0495,"0.83191	",280
shelf_ip_1.yuv,1.8233,"0.83626	",280
shelf_ip_2.yuv,2.5986,"0.89522	",280
shelf_ip_3.yuv,3.4117,"0.58159	",280
shelf_ip_4.yuv,3.6589,"0.54805	",280
square_dirac_1.yuv,1.4949,"0.74068	",250
square_dirac_2.yuv,2.2675,"0.88123	",250
square_dirac_3.yuv,3.0699,"0.74189	",250
square_h264_1.yuv,0.019668,"0.65242	",250
square_h264_2.yuv,0.1772,"0.67911	",250
square_h264_3.yuv,1.3519,"0.59609	",250
square_h264_4.yuv,2.6943,"0.64991	",250
square_mpeg2_1.yuv,0.39878,"0.63796	",250
square_mpeg2_2.yuv,0.68497,"0.7388	",250
square_mpeg2_3.yuv,1.9805,"0.72061	",250
square_ip_1.yuv,0.66572,"0.84986	",250
square_ip_2.yuv,1.714,"0.74584	",250
square_ip_3.yuv,3.0396,"0.62671	",250
square_ip_4.yuv,3.3772,"0.52152	",250
toys_calendar_dirac_1.yuv,1.3051,"0.682	",250
toys_calendar_dirac_2.yuv,2.1949,"0.74725	",250
toys_calendar_dirac_3.yuv,2.8141,"0.51549	",250
toys_calendar_h264_1.yuv,0.35134,"0.56083	",250
toys_calendar_h264_2.yuv,0.80917,"0.69761	",250
toys_calendar_h264_3.yuv,2.3485,"0.68976	",250
toys_calendar_h264_4.yuv,2.7071,"0.76388	",250
toys_calendar_mpeg2_1.yuv,0.27243,"0.58277	",250
toys_calendar_mpeg2_2.yuv,0.98525,"0.69103	",250
toys_calendar_mpeg2_3.yuv,2.4642,"0.55334	",250
toys_calendar_ip_1.yuv,5,0,250
toys_calendar_ip_2.yuv,5,0,250
toys_calendar_ip_3.yuv,5,0,250
toys_calendar_ip_4.yuv,5,0,250
tractor_dirac_1.yuv,0.46594,"0.66585	",250
tractor_dirac_2.yuv,0.98649,"0.57082	",250
tractor_dirac_3.yuv,2.1238,"0.96762	",250
tractor_h264_1.yuv,0.62056,"0.819	",250
tractor_h264_2.yuv,0.97067,"0.67113	",250
tractor_h264_3.yuv,1.8136,"0.76886	",250
tractor_h264_4.yuv,2.1212,"0.76508	",250
tractor_mpeg2_1.yuv,-0.263,"0.71694	",250
tractor_mpeg2_2.yuv,0.30158,"0.79226	",250
tractor_mpeg2_3.yuv,1.4346,"0.68974	",250
tractor_ip_1.yuv,1.4337,"1.023	",250
tractor_ip_2.yuv,2.4845,"0.69535	",250
tractor_ip_3.yuv,2.4187,"0.72723	",250
tractor_ip_4.yuv,3.1523,"0.68577	",250
train_dirac_1.yuv,2.4218,"0.71988	",250
train_dirac_2.yuv,2.8696,"0.83232	",250
train_dirac_3.yuv,3.2625,"0.73047	",250
train_h264_1.yuv,1.4794,"0.88715	",250
train_h264_2.yuv,1.438,"0.89528	",250
train_h264_3.yuv,1.6346,"0.68221	",250
train_h264_4.yuv,1.7017,"0.75957	",250
train_mpeg2_1.yuv,0.2853,"0.47637	",250
train_mpeg2_2.yuv,0.60991,"0.66017	",250
train_mpeg2_3.yuv,1.3507,"0.75377	",250
train_ip_1.yuv,5,0,250
train_ip_2.yuv,5,0,250
train_ip_3.yuv,5,0,250
train_ip_4.yuv,5,0,250
tube_dirac_1.yuv,1.3674,"0.64522	",280
tube_dirac_2.yuv,2.331,"0.71772	",280
tube_dirac_3.yuv,3.1556,"0.63769	",280
tube_h264_1.yuv,-0.093407,"0.62808	",280
tube_h264_2.yuv,0.43439,"0.59997	",280
tube_h264_3.yuv,2.305,"0.70088	",280
tube_h264_4.yuv,2.4844,"0.71898	",280
tube_mpeg2_1.yuv,0.17627,"0.65829	",280
tube_mpeg2_2.yuv,0.66698,"0.67507	",280
tube_mpeg2_3.yuv,1.9667,"0.66539	",280
tube_ip_1.yuv,0.73517,"0.68482	",280
tube_ip_2.yuv,2.5067,"0.77169	",280
tube_ip_3.yuv,2.9448,"0.90697	",280
tube_ip_4.yuv,3.4686,"0.67749	",280
