Name,VIFP
laser_dirac_1.yuv,0.48197
laser_dirac_2.yuv,0.44581
laser_dirac_3.yuv,0.37895
laser_h264_1.yuv,0.53140
laser_h264_2.yuv,0.54932
laser_h264_3.yuv,0.55198
laser_h264_4.yuv,0.54494
laser_mpeg2_1.yuv,0.48263
laser_mpeg2_2.yuv,0.48485
laser_mpeg2_3.yuv,0.38111
laser_ip_1.yuv,0.53575
laser_ip_2.yuv,0.52189
laser_ip_3.yuv,0.41500
laser_ip_4.yuv,0.45234
overbridge_dirac_1.yuv,0.55020
overbridge_dirac_2.yuv,0.43865
overbridge_dirac_3.yuv,0.34619
overbridge_h264_1.yuv,0.67305
overbridge_h264_2.yuv,0.58918
overbridge_h264_3.yuv,0.49201
overbridge_h264_4.yuv,0.41003
overbridge_mpeg2_1.yuv,0.57033
overbridge_mpeg2_2.yuv,0.50350
overbridge_mpeg2_3.yuv,0.36860
overbridge_ip_1.yuv,0.62543
overbridge_ip_2.yuv,0.61989
overbridge_ip_3.yuv,0.58767
overbridge_ip_4.yuv,0.54967
shelf_dirac_1.yuv,0.58759
shelf_dirac_2.yuv,0.48135
shelf_dirac_3.yuv,0.38342
shelf_h264_1.yuv,0.77562
shelf_h264_2.yuv,0.74525
shelf_h264_3.yuv,0.67007
shelf_h264_4.yuv,0.58161
shelf_mpeg2_1.yuv,0.69925
shelf_mpeg2_2.yuv,0.60856
shelf_mpeg2_3.yuv,0.48802
shelf_ip_1.yuv,0.69077
shelf_ip_2.yuv,0.68541
shelf_ip_3.yuv,0.77242
shelf_ip_4.yuv,0.64298
robot_dirac_1.yuv,0.51820
robot_dirac_2.yuv,0.36375
robot_dirac_3.yuv,0.28320
robot_h264_1.yuv,0.82971
robot_h264_2.yuv,0.75758
robot_h264_3.yuv,0.63604
robot_h264_4.yuv,0.53137
robot_mpeg2_1.yuv,0.62229
robot_mpeg2_2.yuv,0.56901
robot_mpeg2_3.yuv,0.48177
robot_ip_1.yuv,0.79521
robot_ip_2.yuv,0.75492
robot_ip_3.yuv,0.87106
robot_ip_4.yuv,0.80911
square_dirac_1.yuv,0.47987
square_dirac_2.yuv,0.37194
square_dirac_3.yuv,0.28578
square_h264_1.yuv,0.71455
square_h264_2.yuv,0.67865
square_h264_3.yuv,0.54881
square_h264_4.yuv,0.44101
square_mpeg2_1.yuv,0.58361
square_mpeg2_2.yuv,0.52071
square_mpeg2_3.yuv,0.39073
square_ip_1.yuv,0.64682
square_ip_2.yuv,0.63564
square_ip_3.yuv,0.60908
square_ip_4.yuv,0.56255
toys_calendar_dirac_1.yuv,0.56929
toys_calendar_dirac_2.yuv,0.44371
toys_calendar_dirac_3.yuv,0.36501
toys_calendar_h264_1.yuv,0.68294
toys_calendar_h264_2.yuv,0.65203
toys_calendar_h264_3.yuv,0.53342
toys_calendar_h264_4.yuv,0.44442
toys_calendar_mpeg2_1.yuv,0.61519
toys_calendar_mpeg2_2.yuv,0.53097
toys_calendar_mpeg2_3.yuv,0.40749
toys_calendar_ip_1.yuv,0
toys_calendar_ip_2.yuv,0
toys_calendar_ip_3.yuv,0
toys_calendar_ip_4.yuv,0
tractor_dirac_1.yuv,0.60588
tractor_dirac_2.yuv,0.50775
tractor_dirac_3.yuv,0.38609
tractor_h264_1.yuv,0.67230
tractor_h264_2.yuv,0.56229
tractor_h264_3.yuv,0.43818
tractor_h264_4.yuv,0.39116
tractor_mpeg2_1.yuv,0.71397
tractor_mpeg2_2.yuv,0.53705
tractor_mpeg2_3.yuv,0.40416
tractor_ip_1.yuv,0.67612
tractor_ip_2.yuv,0.65483
tractor_ip_3.yuv,0.78967
tractor_ip_4.yuv,0.47859
train_dirac_1.yuv,0.36319
train_dirac_2.yuv,0.27184
train_dirac_3.yuv,0.20058
train_h264_1.yuv,0.51733
train_h264_2.yuv,0.48265
train_h264_3.yuv,0.44657
train_h264_4.yuv,0.41640
train_mpeg2_1.yuv,0.49042
train_mpeg2_2.yuv,0.43883
train_mpeg2_3.yuv,0.35708
train_ip_1.yuv,0
train_ip_2.yuv,0
train_ip_3.yuv,0
train_ip_4.yuv,0
tube_dirac_1.yuv,0.60245
tube_dirac_2.yuv,0.46754
tube_dirac_3.yuv,0.35389
tube_h264_1.yuv,0.76880
tube_h264_2.yuv,0.71821
tube_h264_3.yuv,0.58688
tube_h264_4.yuv,0.51016
tube_mpeg2_1.yuv,0.64575
tube_mpeg2_2.yuv,0.54488
tube_mpeg2_3.yuv,0.46190
tube_ip_1.yuv,0.69751
tube_ip_2.yuv,0.68759
tube_ip_3.yuv,0.78042
tube_ip_4.yuv,0.75034