Name,VMAF
laser_dirac_1.yuv,87.96424
laser_dirac_2.yuv,80.37293
laser_dirac_3.yuv,63.84854
laser_h264_1.yuv,94.74028
laser_h264_2.yuv,91.87028
laser_h264_3.yuv,89.31532
laser_h264_4.yuv,87.18984
laser_mpeg2_1.yuv,95.12007
laser_mpeg2_2.yuv,89.85382
laser_mpeg2_3.yuv,75.50210
laser_ip_1.yuv,90.75671
laser_ip_2.yuv,88.13376
laser_ip_3.yuv,86.88266
laser_ip_4.yuv,70.71367
overbridge_dirac_1.yuv,89.44295
overbridge_dirac_2.yuv,74.03924
overbridge_dirac_3.yuv,54.36050
overbridge_h264_1.yuv,94.09358
overbridge_h264_2.yuv,83.97097
overbridge_h264_3.yuv,68.90960
overbridge_h264_4.yuv,54.58145
overbridge_mpeg2_1.yuv,91.34717
overbridge_mpeg2_2.yuv,84.15729
overbridge_mpeg2_3.yuv,66.13639
overbridge_ip_1.yuv,90.90358
overbridge_ip_2.yuv,89.41404
overbridge_ip_3.yuv,84.82973
overbridge_ip_4.yuv,77.74433
shelf_dirac_1.yuv,91.67333
shelf_dirac_2.yuv,77.00169
shelf_dirac_3.yuv,56.48969
shelf_h264_1.yuv,98.15517
shelf_h264_2.yuv,97.00394
shelf_h264_3.yuv,91.48143
shelf_h264_4.yuv,78.92247
shelf_mpeg2_1.yuv,96.69652
shelf_mpeg2_2.yuv,91.02197
shelf_mpeg2_3.yuv,78.21061
shelf_ip_1.yuv,95.21960
shelf_ip_2.yuv,94.74750
shelf_ip_3.yuv,97.76493
shelf_ip_4.yuv,81.58905
robot_dirac_1.yuv,92.32325
robot_dirac_2.yuv,71.95957
robot_dirac_3.yuv,53.78847
robot_h264_1.yuv,98.81392
robot_h264_2.yuv,97.20081
robot_h264_3.yuv,88.78461
robot_h264_4.yuv,78.53168
robot_mpeg2_1.yuv,95.46033
robot_mpeg2_2.yuv,91.63182
robot_mpeg2_3.yuv,83.45880
robot_ip_1.yuv,82.71311
robot_ip_2.yuv,79.28882
robot_ip_3.yuv,82.34739
robot_ip_4.yuv,76.55388
square_dirac_1.yuv,80.77003
square_dirac_2.yuv,63.13670
square_dirac_3.yuv,42.98769
square_h264_1.yuv,95.34985
square_h264_2.yuv,92.32217
square_h264_3.yuv,76.28935
square_h264_4.yuv,58.25215
square_mpeg2_1.yuv,88.62202
square_mpeg2_2.yuv,82.08467
square_mpeg2_3.yuv,65.56714
square_ip_1.yuv,91.08917
square_ip_2.yuv,88.40918
square_ip_3.yuv,84.51694
square_ip_4.yuv,74.00991
toys_calendar_dirac_1.yuv,96.69946
toys_calendar_dirac_2.yuv,80.73322
toys_calendar_dirac_3.yuv,63.61474
toys_calendar_h264_1.yuv,99.50609
toys_calendar_h264_2.yuv,97.07514
toys_calendar_h264_3.yuv,78.33420
toys_calendar_h264_4.yuv,62.72748
toys_calendar_mpeg2_1.yuv,98.48361
toys_calendar_mpeg2_2.yuv,89.90065
toys_calendar_mpeg2_3.yuv,74.97212
toys_calendar_ip_1.yuv,0
toys_calendar_ip_2.yuv,0
toys_calendar_ip_3.yuv,0
toys_calendar_ip_4.yuv,0
tractor_dirac_1.yuv,96.33056
tractor_dirac_2.yuv,80.67675
tractor_dirac_3.yuv,60.02288
tractor_h264_1.yuv,94.91154
tractor_h264_2.yuv,81.80385
tractor_h264_3.yuv,60.75597
tractor_h264_4.yuv,52.61229
tractor_mpeg2_1.yuv,99.96804
tractor_mpeg2_2.yuv,90.69219
tractor_mpeg2_3.yuv,73.15501
tractor_ip_1.yuv,88.12404
tractor_ip_2.yuv,84.51438
tractor_ip_3.yuv,89.51370
tractor_ip_4.yuv,58.26538
train_dirac_1.yuv,73.20782
train_dirac_2.yuv,55.80690
train_dirac_3.yuv,36.35267
train_h264_1.yuv,81.14706
train_h264_2.yuv,80.00956
train_h264_3.yuv,74.95146
train_h264_4.yuv,70.55671
train_mpeg2_1.yuv,89.31123
train_mpeg2_2.yuv,82.90953
train_mpeg2_3.yuv,71.25769
train_ip_1.yuv,0
train_ip_2.yuv,0
train_ip_3.yuv,0
train_ip_4.yuv,0
tube_dirac_1.yuv,94.51429
tube_dirac_2.yuv,77.93277
tube_dirac_3.yuv,52.80316
tube_h264_1.yuv,98.52851
tube_h264_2.yuv,96.92612
tube_h264_3.yuv,81.60563
tube_h264_4.yuv,69.31769
tube_mpeg2_1.yuv,94.87911
tube_mpeg2_2.yuv,84.98397
tube_mpeg2_3.yuv,75.40223
tube_ip_1.yuv,96.54430
tube_ip_2.yuv,95.55761
tube_ip_3.yuv,98.17725
tube_ip_4.yuv,94.42633